first_seen,last_seen,organization,title,location,posted_date,matched_keywords,relevance_score,url
2026-03-25 12:29:27,2026-03-25 12:29:27,Careers@Gov,Analyst - Senior Principal Analyst (Nuclear Policy and Planning),Singapore,11 Apr 2026,energy,3,https://jobs.careers.gov.sg/jobs/hrp/17099614/005056a3-53e2-1fd1-87ca-2155b30fb3ea
2026-03-25 12:25:12,2026-03-25 12:29:27,Careers@Gov,"Deputy Director, Sustainable Energy, Urban Solutions and Sustainability New",Singapore,22 Apr 2026,"energy, sustainability, sustainable",7,https://jobs.careers.gov.sg/jobs/hrp/17325012/005056a3-d347-1fe1-89f8-0e1174e1e28d
2026-03-25 12:25:12,2026-03-25 12:29:27,Careers@Gov,"Snr Exec/ Mgr (Career Development and Transition), Workforce Development New",Singapore,08 Apr 2026,transition,3,https://jobs.careers.gov.sg/jobs/hrp/17162953/005056a3-53e2-1fd1-89fc-11a623e613ea
2026-03-25 12:25:12,2026-03-25 12:29:27,Careers@Gov,"Specialist/Sr Specialist (Sustainable Water & Resources) - 3 years contract, TED New",Singapore,07 Apr 2026,sustainable,3,https://jobs.careers.gov.sg/jobs/hrp/17322016/005056a3-53e2-1fd1-89eb-ec96cd9233ea
2026-03-25 12:25:12,2026-03-25 12:29:27,Careers@Gov,AI Engineer (Data and Analytics Department) New,Singapore,18 Apr 2026,energy,3,https://jobs.careers.gov.sg/jobs/hrp/17307042/005056a3-53e2-1fd1-89a1-005c67dfd3ea
2026-03-25 12:25:12,2026-03-25 12:29:27,Careers@Gov,Data Engineer (Data and Analytics Department) New,Singapore,18 Apr 2026,energy,3,https://jobs.careers.gov.sg/jobs/hrp/17307043/005056a3-53e2-1fd1-89a1-00fa35b5f3ea
2026-03-25 12:25:12,2026-03-25 12:29:27,Careers@Gov,Engineer - Senior Principal Engineer (Gas System Supervision/ PSOD) New,Singapore,17 Apr 2026,energy,3,https://jobs.careers.gov.sg/jobs/hrp/17302054/005056a3-d347-1fe1-88fa-6e3b63a7e28d
2026-03-25 12:25:12,2026-03-25 12:29:27,Careers@Gov,Associate Engineer (Generation Operation Support/PSOD) New,Singapore,17 Apr 2026,energy,3,https://jobs.careers.gov.sg/jobs/hrp/17302050/005056a3-d347-1fe1-88fa-69c12aa7a28d
2026-03-25 12:25:12,2026-03-25 12:29:27,Careers@Gov,Data Scientist (DAD) New,Singapore,,energy,3,https://jobs.careers.gov.sg/jobs/hrp/17185406/005056a3-53e2-1fd1-85e7-d7403af193ea
2026-03-25 12:25:12,2026-03-25 12:29:27,Careers@Gov,Analyst - Senior Analyst (International Relations/ ERD) New,Singapore,20 Apr 2026,energy,3,https://jobs.careers.gov.sg/jobs/hrp/17296632/005056a3-d347-1fe1-88e1-086f2a1ca28d
2026-03-25 12:25:12,2026-03-25 12:29:27,Careers@Gov,Engineer - Senior Principal Engineer (Gas System Performance/ GSD),Singapore,16 Apr 2026,energy,3,https://jobs.careers.gov.sg/jobs/hrp/17290727/005056a3-53e2-1fd1-88c7-e4d1efa0b3ea
2026-03-25 12:25:12,2026-03-25 12:29:27,Careers@Gov,"Snr Assistant Director/Deputy Director (Career Development and Transition), WD",Singapore,01 Apr 2026,transition,3,https://jobs.careers.gov.sg/jobs/hrp/17197364/005056a3-d347-1fe1-88da-4fd8a306228d
2026-03-25 12:25:12,2026-03-25 12:29:27,Careers@Gov,Senior Engineer - Senior Principal Engineer (Strategic Land Planning),Singapore,15 Apr 2026,energy,3,https://jobs.careers.gov.sg/jobs/hrp/17284099/005056a3-d347-1fe1-88ae-b7028099228d
2026-03-25 12:25:12,2026-03-25 12:29:27,Careers@Gov,Engineer - Senior Principal Engineer (Electricity Network Infrastructure),Singapore,11 Apr 2026,energy,3,https://jobs.careers.gov.sg/jobs/hrp/17268371/005056a3-53e2-1fd1-87e3-490d608053ea
2026-03-25 12:25:12,2026-03-25 12:29:27,Careers@Gov,Analyst - Senior Principal Analyst (Nuclear Ecosystem),Singapore,11 Apr 2026,energy,3,https://jobs.careers.gov.sg/jobs/hrp/17099617/005056a3-53e2-1fd1-87ca-1e76b7f993ea
2026-03-25 12:25:12,2026-03-25 12:29:27,Careers@Gov,"Internship - NAP (Outreach & Engagement, C3PD) New",Singapore,06 Apr 2026,sustainability,1,https://jobs.careers.gov.sg/jobs/hrp/17312813/005056a3-d347-1fe1-89cc-65bc8b4b628d
2026-03-25 12:25:12,2026-03-25 12:29:27,Careers@Gov,Deputy Director (Sustainability) New,Singapore,02 Apr 2026,sustainability,1,https://jobs.careers.gov.sg/jobs/hrp/17073037/005056a3-53e2-1fd1-8984-6eb7515cf3ea
2026-03-25 12:24:01,2026-03-25 12:24:01,NTNU,rådgiver innen prosjektøkonomi,trondheim,2026-04-19,,0,https://www.jobbnorge.no/ledige-stillinger/stilling/298497/raadgiver-innen-prosjektoekonomi
2026-03-25 12:06:42,2026-03-25 12:29:28,Ramboll,Senior Engineer – Tech Safety (QRA & Loss Prevention) - Chennai,"Chennai, India",2026-03-25T00:00:00,"energy, hydrogen, sustainable",9,https://www.ramboll.com/careers/010d65e0-16d3-459b-8d5e-08de88a9bfc7
2026-03-25 12:06:42,2026-03-25 12:29:28,Ramboll,"Student Assistant – Project Support, Power Systems","København S, Denmark",2026-03-24T00:00:00,"energy, sustainable, energy systems",8,https://www.ramboll.com/careers/50c64793-79c6-43d0-8d3f-08de88a9bfc7
2026-03-25 12:06:42,2026-03-25 12:29:28,Ramboll,Senior Highways Design Engineer,"Southampton, United Kingdom",2026-03-24T00:00:00,"energy, sustainability, sustainable",7,https://www.ramboll.com/careers/334e76a5-9ee1-4402-70eb-08de7b70100b
2026-03-25 12:06:42,2026-03-25 12:29:28,Ramboll,Senior HR Business Partner (m/f/d)– Maternity Cover- until April 2027,"Hamburg, Germany",2026-03-24T00:00:00,"energy, sustainable",6,https://www.ramboll.com/careers/93272fe3-7de3-4175-7105-08de7b70100b
2026-03-25 12:06:42,2026-03-25 12:29:28,Ramboll,Intern- Buildings,"Singapore, Singapore",2026-03-24T00:00:00,"carbon, sustainable",4,https://www.ramboll.com/careers/d1d2fec8-b210-4fcf-8d40-08de88a9bfc7
2026-03-25 12:06:42,2026-03-25 12:29:28,Ramboll,Kosteudenhallintakoordinoinnin projektipäällikkö,"Espoo, Finland",2026-03-24T00:00:00,,0,https://www.ramboll.com/careers/406af7ea-9c4d-41db-8d3d-08de88a9bfc7
2026-03-25 12:06:42,2026-03-25 12:29:28,Ramboll,Kuntotutkimusten projektipäällikkö,"Espoo, Finland",2026-03-24T00:00:00,,0,https://www.ramboll.com/careers/652803ae-d8b0-4c45-8d3e-08de88a9bfc7
2026-03-25 12:06:42,2026-03-25 12:29:28,Ramboll,Bauingenieur (m/w/d) konstruktiver Ingenieurbau,"Hannover, Germany",2026-03-24T00:00:00,,0,https://www.ramboll.com/careers/2019fa23-e7cf-4e4e-8d41-08de88a9bfc7
2026-03-25 12:06:42,2026-03-25 12:29:28,Ramboll,Bauingenieur (m/w/d) konstruktiver Ingenieurbau,"Berlin, Germany",2026-03-24T00:00:00,,0,https://www.ramboll.com/careers/d5bcc528-7c01-4f59-8d42-08de88a9bfc7
2026-03-25 12:06:42,2026-03-25 12:29:28,Ramboll,Bauingenieur (m/w/d) konstruktiver Ingenieurbau,"Hamburg, Germany",2026-03-24T00:00:00,,0,https://www.ramboll.com/careers/24fb907d-cffa-4de9-8d43-08de88a9bfc7
2026-03-25 10:44:03,2026-03-25 12:28:03,RMI,"Senior Director, Development - Enterprise Revenue Strategy and Operations",Remote - U.S.,Posted 19 Days Ago,,0,https://rockymountain.wd1.myworkdayjobs.com/en-US/RMI/job/Remote---US/Senior-Director---Enterprise-Revenue-Strategy-and-Operations_R-101457
2026-03-25 10:44:03,2026-03-25 12:28:03,RMI,Partnership Development Officer (Europe),Remote - International,Posted 30+ Days Ago,,0,https://rockymountain.wd1.myworkdayjobs.com/en-US/RMI/job/Remote---International/Partnership-Development-Officer--Europe-_R-101455
2026-03-25 10:44:03,2026-03-25 12:28:03,RMI,"Manager, U.S. Federal Policy (Washington, D.C.) - U.S. Program",Remote - District of Columbia,Posted 30+ Days Ago,,0,https://rockymountain.wd1.myworkdayjobs.com/en-US/RMI/job/Remote---District-of-Columbia/Manager--US-Federal-Policy--Washington--DC----US-Program_R-101441-1
2026-03-25 10:44:03,2026-03-25 12:28:03,RMI,"Senior Manager, Individual Major Gifts (California)",Remote - U.S.,Posted 30+ Days Ago,,0,https://rockymountain.wd1.myworkdayjobs.com/en-US/RMI/job/Remote---US/Senior-Manager--Individual-Major-Gifts--California-_R-101448
2026-03-25 10:44:03,2026-03-25 12:28:03,RMI,Workday Financials & Adaptive Planning Architect,Remote - U.S.,Posted 30+ Days Ago,,0,https://rockymountain.wd1.myworkdayjobs.com/en-US/RMI/job/Remote---US/Workday-Financials---Adaptive-Planning-Architect_R-101429
2026-03-25 10:44:02,2026-03-25 12:28:03,OECD IEA,Deputy Executive Director of the IEA,"Paris, France",,,0,https://jobs.smartrecruiters.com/OECD/744000115867462-deputy-executive-director-of-the-iea-
2026-03-25 10:44:02,2026-03-25 12:28:03,OECD IEA,Head of the Mission Innovation Secretariat,"Paris, France",,,0,https://jobs.smartrecruiters.com/OECD/744000115002237-head-of-the-mission-innovation-secretariat-
2026-03-25 10:44:01,2026-03-25 12:28:02,IAEA,Equipment Specialist  (P4),Austria-Vienna-Vienna-IAEA Headquarters,"2026-04-14, 11:59:00 PM",,0,https://iaea.taleo.net/careersection/ex/jobdetail.ftl?job=2026/0151%20(007580)&tz=GMT%2B01%3A00&tzname=Europe%2FVienna
2026-03-25 10:44:01,2026-03-25 12:28:02,IAEA,"Internship – Knowledge Management, Business Technology Coordination Section",Austria-Vienna-Vienna-IAEA Headquarters,"2026-04-14, 11:59:00 PM",,0,https://iaea.taleo.net/careersection/ex/jobdetail.ftl?job=TAL-MTIT20260311-001&tz=GMT%2B01%3A00&tzname=Europe%2FVienna
2026-03-25 10:44:01,2026-03-25 12:28:02,IAEA,"Internship - End Point Security, Client Services Section",Austria-Vienna-Vienna-IAEA Headquarters,"2026-03-31, 11:59:00 PM",,0,https://iaea.taleo.net/careersection/ex/jobdetail.ftl?job=TAL-MTIT20260318-005&tz=GMT%2B01%3A00&tzname=Europe%2FVienna
2026-03-25 10:44:01,2026-03-25 12:28:02,IAEA,Consultant – Data Engineer (Data Architecture & Advanced Analytics),Austria-Vienna-Vienna-IAEA Headquarters,"2026-04-14, 11:59:00 PM",,0,https://iaea.taleo.net/careersection/ex/jobdetail.ftl?job=TAL-MTIT20260318-003&tz=GMT%2B01%3A00&tzname=Europe%2FVienna
2026-03-25 10:44:01,2026-03-25 12:28:02,IAEA,Environmental Remediation Officer(P3),Austria-Vienna-Vienna-IAEA Headquarters,"2026-04-12, 11:59:00 PM",,0,https://iaea.taleo.net/careersection/ex/jobdetail.ftl?job=2026/0152%20(179367)&tz=GMT%2B01%3A00&tzname=Europe%2FVienna
2026-03-25 10:44:01,2026-03-25 12:28:02,IAEA,Internship - Visualization and Statistical Analysis of Nuclear Reaction Data,Austria-Vienna-Vienna-IAEA Headquarters,"2026-03-30, 11:59:00 PM",,0,https://iaea.taleo.net/careersection/ex/jobdetail.ftl?job=TAL-NAPC20260316-001&tz=GMT%2B01%3A00&tzname=Europe%2FVienna
2026-03-25 10:44:01,2026-03-25 12:28:02,IAEA,Internship – Equipment Engineering,Austria-Vienna-Vienna-IAEA Headquarters,"2026-04-13, 11:59:00 PM",,0,https://iaea.taleo.net/careersection/ex/jobdetail.ftl?job=TAL-SGTS20260313-001&tz=GMT%2B01%3A00&tzname=Europe%2FVienna
2026-03-25 10:44:01,2026-03-25 12:28:02,IAEA,Internship - Isotope Applications in Wetland Hydrology,Austria-Vienna-Vienna-IAEA Headquarters,"2026-04-09, 11:59:00 PM",,0,https://iaea.taleo.net/careersection/ex/jobdetail.ftl?job=TAL-NAPC20260313-001&tz=GMT%2B01%3A00&tzname=Europe%2FVienna
2026-03-25 10:44:01,2026-03-25 12:28:02,IAEA,Internship - IT Development and Project Management,Austria-Vienna-Vienna-IAEA Headquarters,"2026-04-09, 11:59:00 PM",,0,https://iaea.taleo.net/careersection/ex/jobdetail.ftl?job=TAL-NA20260316-001&tz=GMT%2B01%3A00&tzname=Europe%2FVienna
2026-03-25 10:44:01,2026-03-25 12:28:02,IAEA,Administrative Officer (NE)(P4),Austria-Vienna-Vienna-IAEA Headquarters,"2026-04-30, 11:59:00 PM",,0,https://iaea.taleo.net/careersection/ex/jobdetail.ftl?job=2026/0154%20(012586)&tz=GMT%2B01%3A00&tzname=Europe%2FVienna
2026-03-25 10:44:01,2026-03-25 12:28:02,IAEA,Consultant - SoilFER Soil Spectroscopy,Austria-Lower Austria-Seibersdorf-IAEA Laboratories in Seibersdorf,"2026-03-31, 11:59:00 PM",,0,https://iaea.taleo.net/careersection/ex/jobdetail.ftl?job=TAL-NAFA20260120-001&tz=GMT%2B01%3A00&tzname=Europe%2FVienna
2026-03-25 10:44:01,2026-03-25 12:28:02,IAEA,Unit Head (Nuclear Security Detection Architecture)(P4),Austria-Vienna-Vienna-IAEA Headquarters,"2026-03-31, 11:59:00 PM",,0,https://iaea.taleo.net/careersection/ex/jobdetail.ftl?job=2025/0665%20(018644)&tz=GMT%2B01%3A00&tzname=Europe%2FVienna
2026-03-25 10:44:01,2026-03-25 12:28:02,IAEA,Senior Laboratory Technician (Stable Isotopes)(TERC)(G6),Austria-Lower Austria-Seibersdorf-IAEA Laboratories in Seibersdorf,"2026-04-03, 11:59:00 PM",,0,https://iaea.taleo.net/careersection/ex/jobdetail.ftl?job=2026/0137%20(219008)&tz=GMT%2B01%3A00&tzname=Europe%2FVienna
2026-03-25 10:44:01,2026-03-25 12:28:02,IAEA,Director (TC Divisions for Africa/Europe/Latin America and the Caribbean)(D1),Austria-Vienna-Vienna-IAEA Headquarters,"2026-04-07, 11:59:00 PM",,0,https://iaea.taleo.net/careersection/ex/jobdetail.ftl?job=2026/0141%20(011284)&tz=GMT%2B01%3A00&tzname=Europe%2FVienna
2026-03-25 10:44:01,2026-03-25 12:28:02,IAEA,Director (TC-Division of Programme Support and Coordination)(D1),Austria-Vienna-Vienna-IAEA Headquarters,"2026-04-07, 11:59:00 PM",,0,https://iaea.taleo.net/careersection/ex/jobdetail.ftl?job=2026/0146%20(010836)&tz=GMT%2B01%3A00&tzname=Europe%2FVienna
2026-03-25 10:44:01,2026-03-25 12:28:02,IAEA,Director (Division of General Services)(D1),Austria-Vienna-Vienna-IAEA Headquarters,"2026-04-07, 11:59:00 PM",,0,https://iaea.taleo.net/careersection/ex/jobdetail.ftl?job=2026/0142%20(000981)&tz=GMT%2B01%3A00&tzname=Europe%2FVienna
2026-03-25 10:44:01,2026-03-25 12:28:02,IAEA,Director (Division of Nuclear Installation Safety)(D1),Austria-Vienna-Vienna-IAEA Headquarters,"2026-04-07, 11:59:00 PM",,0,https://iaea.taleo.net/careersection/ex/jobdetail.ftl?job=2026/0143%20(004684)&tz=GMT%2B01%3A00&tzname=Europe%2FVienna
2026-03-25 10:44:01,2026-03-25 12:28:02,IAEA,Internship - Global Water Analysis Laboratories Network Promotion,Austria-Vienna-Vienna-IAEA Headquarters,"2026-04-02, 11:59:00 PM",,0,https://iaea.taleo.net/careersection/ex/jobdetail.ftl?job=TAL-NAPC20260309-001&tz=GMT%2B01%3A00&tzname=Europe%2FVienna
2026-03-25 10:44:01,2026-03-25 12:28:02,IAEA,Sample Coordination and Reporting Associate(G6),Austria-Lower Austria-Seibersdorf-IAEA Laboratories in Seibersdorf,"2026-03-31, 11:59:00 PM",,0,https://iaea.taleo.net/careersection/ex/jobdetail.ftl?job=2026/0129%20(005711)&tz=GMT%2B01%3A00&tzname=Europe%2FVienna
2026-03-25 10:44:01,2026-03-25 12:28:02,IAEA,Associate Microsoft 365 Platform Analyst (P2),Austria-Vienna-Vienna-IAEA Headquarters,"2026-03-30, 11:59:00 PM",,0,https://iaea.taleo.net/careersection/ex/jobdetail.ftl?job=2026/0083%20(196633)&tz=GMT%2B01%3A00&tzname=Europe%2FVienna
2026-03-25 10:44:01,2026-03-25 12:28:02,IAEA,Microsoft 365 Platform Specialist (P3),Austria-Vienna-Vienna-IAEA Headquarters,"2026-03-30, 11:59:00 PM",,0,https://iaea.taleo.net/careersection/ex/jobdetail.ftl?job=2026/0107%20(014126)&tz=GMT%2B01%3A00&tzname=Europe%2FVienna
2026-03-25 10:44:01,2026-03-25 12:28:02,IAEA,Programme Management Assistant (TC)(G5),Austria-Vienna-Vienna-IAEA Headquarters,"2026-03-30, 11:59:00 PM",,0,https://iaea.taleo.net/careersection/ex/jobdetail.ftl?job=2026/0123%20(016500)&tz=GMT%2B01%3A00&tzname=Europe%2FVienna
2026-03-25 10:44:01,2026-03-25 12:28:02,IAEA,Team Assistant(G4),Austria-Vienna-Vienna-IAEA Headquarters,"2026-03-30, 11:59:00 PM",,0,https://iaea.taleo.net/careersection/ex/jobdetail.ftl?job=2026/0119%20(234279)&tz=GMT%2B01%3A00&tzname=Europe%2FVienna
2026-03-25 10:44:01,2026-03-25 12:28:02,IAEA,Pipeline for Waste Technology Professionals and Experts (short term),Austria-Vienna-Vienna-IAEA Headquarters,"2026-04-19, 11:59:00 PM",,0,https://iaea.taleo.net/careersection/ex/jobdetail.ftl?job=PIP-WTS-NE-001&tz=GMT%2B01%3A00&tzname=Europe%2FVienna
2026-03-25 10:44:01,2026-03-25 12:28:02,IAEA,Internship - Water Quality Analysis,Austria-Vienna-Vienna-IAEA Headquarters,"2026-03-26, 11:59:00 PM",,0,https://iaea.taleo.net/careersection/ex/jobdetail.ftl?job=TAL-NAPC20260303-001&tz=GMT%2B01%3A00&tzname=Europe%2FVienna
2026-03-25 10:44:01,2026-03-25 12:28:02,IAEA,Associate Finance Officer (Accounts Payable)(P2) MULT,Austria-Vienna-Vienna-IAEA Headquarters,"2026-03-26, 11:59:00 PM",,0,https://iaea.taleo.net/careersection/ex/jobdetail.ftl?job=2025/0667%20(18614)&tz=GMT%2B01%3A00&tzname=Europe%2FVienna
2026-03-25 10:44:01,2026-03-25 12:28:02,IAEA,Internship - AI Tools and Modelling,Austria-Vienna-Vienna-IAEA Headquarters,"2026-03-25, 11:59:00 PM",,0,https://iaea.taleo.net/careersection/ex/jobdetail.ftl?job=TAL-SGTS20260224-006&tz=GMT%2B01%3A00&tzname=Europe%2FVienna
2026-03-25 10:44:01,2026-03-25 12:28:02,IAEA,Information Technology Security Officer(P3),Austria-Vienna-Vienna-IAEA Headquarters,"2026-04-01, 11:59:00 PM",,0,https://iaea.taleo.net/careersection/ex/jobdetail.ftl?job=2025/0236%20(080399)&tz=GMT%2B01%3A00&tzname=Europe%2FVienna
2026-03-25 10:44:01,2026-03-25 12:28:02,IAEA,Instrumentation Technician(G5),Austria-Vienna-Vienna-IAEA Headquarters,"2026-04-12, 11:59:00 PM",,0,https://iaea.taleo.net/careersection/ex/jobdetail.ftl?job=2026/0062%20(018498)&tz=GMT%2B01%3A00&tzname=Europe%2FVienna
2026-03-25 10:44:01,2026-03-25 12:28:02,IAEA,Expert/Lecturer Technical Cooperation Programme,Field (i.e. outside regular IAEA duty station),,,0,https://iaea.taleo.net/careersection/ex/jobdetail.ftl?job=PIP-TC20141224-001&tz=GMT%2B01%3A00&tzname=Europe%2FVienna
2026-03-25 10:43:54,2026-03-25 12:27:56,Aalborg University,Associate Professor in Thermal Energy with a Focus on Carbon Capture,Aalborg,2026-04-12,"energy, carbon, carbon capture",9,https://www.vacancies.aau.dk/scientific-positions/show-vacancy/vacancyId/912440
2026-03-25 10:43:54,2026-03-25 12:27:56,Aalborg University,Associate professor in Life Cycle Assessment for the green transition,Aalborg,2026-03-26,"sustainability, life cycle assessment, transition",6,https://www.vacancies.aau.dk/scientific-positions/show-vacancy/vacancyId/913304
2026-03-25 10:43:54,2026-03-25 12:27:56,Aalborg University,Assistant Professor in thermal processes in Power-to-X technologies,Aalborg,2026-04-01,"energy, power-to-x",6,https://www.vacancies.aau.dk/scientific-positions/show-vacancy/vacancyId/915795
2026-03-25 10:43:54,2026-03-25 12:27:56,Chalmers,Doctoral student in the political dynamics of energy transitions,Technology Management and Economics,2026-04-19,"energy, transition",6,https://web103.reachmee.com/ext/I003/304/job?site=5&lang=UK&validator=a72aeedd63ec10de71e46f8d91d0d57c&job_id=14642&notrack=true
2026-03-25 10:43:54,2026-03-25 12:27:56,Chalmers,Doctoral student in energy systems,Miljö- och energivetenskaper (ENV),2026-04-19,"energy, energy systems",5,https://web103.reachmee.com/ext/I003/304/job?site=5&lang=UK&validator=a72aeedd63ec10de71e46f8d91d0d57c&job_id=14668&notrack=true
2026-03-25 10:43:54,2026-03-25 12:27:56,Aalborg University,Associate professor in Energy Planning and System Analysis,Aalborg,2026-04-06,"energy, sustainability",4,https://www.vacancies.aau.dk/scientific-positions/show-vacancy/vacancyId/914676
2026-03-25 10:43:54,2026-03-25 12:27:56,Aalborg University,Assistant Professor in Preventive and Predictive Maintenance,ebj,2026-04-06,energy,3,https://www.vacancies.aau.dk/scientific-positions/show-vacancy/vacancyId/916005
2026-03-25 10:43:54,2026-03-25 12:27:56,Aalborg University,Postdoctoral position in Human–Robot Interaction in healthcare: from experimental setups to sustainable collaboration,Aalborg,2026-04-12,sustainable,3,https://www.vacancies.aau.dk/scientific-positions/show-vacancy/vacancyId/916274
2026-03-25 10:43:54,2026-03-25 12:27:56,Chalmers,Doctoral student in Land Use and Climate Impacts,Miljö- och energivetenskaper (ENV),2026-04-30,climate,3,https://web103.reachmee.com/ext/I003/304/job?site=5&lang=UK&validator=a72aeedd63ec10de71e46f8d91d0d57c&job_id=14697&notrack=true
2026-03-25 10:43:54,2026-03-25 12:27:56,Chalmers,Doctoral student in Structural Battery Electrolytes for Cold-Climate Transport,Mechanical engineering (ME),2026-04-12,climate,3,https://web103.reachmee.com/ext/I003/304/job?site=5&lang=UK&validator=a72aeedd63ec10de71e46f8d91d0d57c&job_id=14679&notrack=true
2026-03-25 10:43:54,2026-03-25 12:27:56,Chalmers,Doctoral student in Hydrogen Embrittlement of Metallic Materials,Mechanical engineering (ME),2026-04-08,hydrogen,3,https://web103.reachmee.com/ext/I003/304/job?site=5&lang=UK&validator=a72aeedd63ec10de71e46f8d91d0d57c&job_id=14670&notrack=true
2026-03-25 10:43:54,2026-03-25 12:27:56,Chalmers,Assistant or Associate Professors – Two WISE Fellows in Materials Science for a Sustainable Future,Chalmers tekniska högskola,2026-03-31,sustainable,3,https://web103.reachmee.com/ext/I003/304/job?site=5&lang=UK&validator=a72aeedd63ec10de71e46f8d91d0d57c&job_id=14331&notrack=true
2026-03-25 10:43:54,2026-03-25 12:27:56,Chalmers,Doctoral student position in modeling polarons in emerging energy materials,Physics,2026-03-31,energy,3,https://web103.reachmee.com/ext/I003/304/job?site=5&lang=UK&validator=a72aeedd63ec10de71e46f8d91d0d57c&job_id=14444&notrack=true
2026-03-25 10:43:54,2026-03-25 12:27:56,Chalmers,Postdoc in Data-driven Modelling and Optimisation for Fast Charging of Lithium-Ion Batteries,Electrical Engineering,2026-04-24,optimisation,2,https://web103.reachmee.com/ext/I003/304/job?site=5&lang=UK&validator=a72aeedd63ec10de71e46f8d91d0d57c&job_id=14691&notrack=true
2026-03-25 10:43:54,2026-03-25 12:27:56,Aalborg University,Postdoctoral researcher in Geospatial Machine Learning for Predicting Land Use Dynamics,Copenhagen,2026-04-08,sustainability,1,https://www.vacancies.aau.dk/scientific-positions/show-vacancy/vacancyId/917277
2026-03-25 10:43:54,2026-03-25 12:27:56,Aalborg University,Postdoc in Environmental Assessment and Decision Support for Offshore Wind Farms,Aalborg,2026-04-09,sustainability,1,https://www.vacancies.aau.dk/scientific-positions/show-vacancy/vacancyId/907617
2026-03-25 10:43:54,2026-03-25 12:27:56,Aalborg University,Postdoc in Recombinant Protein Production in Fungal Hosts,Aalborg,2026-03-25,,0,https://www.vacancies.aau.dk/scientific-positions/show-vacancy/vacancyId/913383
2026-03-25 10:43:54,2026-03-25 12:27:56,Aalborg University,Scientific Research Assistant – POLSAFE Project,Aalborg,2026-04-01,,0,https://www.vacancies.aau.dk/scientific-positions/show-vacancy/vacancyId/891838
2026-03-25 10:43:54,2026-03-25 12:27:56,Aalborg University,Postdoc position in Tensions in Arctic Infrastructures,Copenhagen,2026-04-01,,0,https://www.vacancies.aau.dk/scientific-positions/show-vacancy/vacancyId/899091
2026-03-25 10:43:54,2026-03-25 12:27:56,Aalborg University,Assistant professor in Emerging Digital Technologies,Aalborg,2026-04-03,,0,https://www.vacancies.aau.dk/scientific-positions/show-vacancy/vacancyId/916633
2026-03-25 10:43:54,2026-03-25 12:27:56,Aalborg University,Postdoc in Integration of Physical AI with Wireless Communication and Sensing,Aalborg,2026-04-06,,0,https://www.vacancies.aau.dk/scientific-positions/show-vacancy/vacancyId/902118
2026-03-25 10:43:54,2026-03-25 12:27:56,Aalborg University,CEBE-Postdoc – Biobased building materials: moisture sorption and fungal growth,Copenhagen,2026-04-06,,0,https://www.vacancies.aau.dk/scientific-positions/show-vacancy/vacancyId/908947
2026-03-25 10:43:54,2026-03-25 12:27:56,Aalborg University,"Studenterinstruktorer i Formueret I, Jura og HA-(jur) 1. semester",Aalborg,2026-04-06,,0,https://www.vacancies.aau.dk/scientific-positions/show-vacancy/vacancyId/909007
2026-03-25 10:43:54,2026-03-25 12:27:56,Aalborg University,"Studenterinstruktorer i Formueret III – Jura, 5. semester",Aalborg,2026-04-06,,0,https://www.vacancies.aau.dk/scientific-positions/show-vacancy/vacancyId/909857
2026-03-25 10:43:54,2026-03-25 12:27:56,Aalborg University,"Studenterinstruktorer i Formueret III HA (Jur), 3. semester",Aalborg,2026-04-06,,0,https://www.vacancies.aau.dk/scientific-positions/show-vacancy/vacancyId/909871
2026-03-25 10:43:54,2026-03-25 12:27:56,Aalborg University,"Postdoc Position in Deep Seabed Mining across Arctic Communities: Investigating knowledge production, regulation, and environmental justice impacts of a new resource frontier (SEABED)",Aalborg,2026-04-06,,0,https://www.vacancies.aau.dk/scientific-positions/show-vacancy/vacancyId/909931
2026-03-25 10:43:54,2026-03-25 12:27:56,Aalborg University,Ekstern lektor i offentlig forvaltning,Aalborg,2026-04-06,,0,https://www.vacancies.aau.dk/scientific-positions/show-vacancy/vacancyId/911467
2026-03-25 10:43:54,2026-03-25 12:27:56,Aalborg University,Klinisk professor i klinisk biokemi,Aalborg,2026-04-07,,0,https://www.vacancies.aau.dk/scientific-positions/show-vacancy/vacancyId/909519
2026-03-25 10:43:54,2026-03-25 12:27:56,Aalborg University,Associate professor in real-time computer graphics and generative AI,Copenhagen,2026-04-09,,0,https://www.vacancies.aau.dk/scientific-positions/show-vacancy/vacancyId/911505
2026-03-25 10:43:54,2026-03-25 12:27:56,Aalborg University,Associate Professor in Quantum Communication and Quantum Error Correction,Other city,2026-04-09,,0,https://www.vacancies.aau.dk/scientific-positions/show-vacancy/vacancyId/913051
2026-03-25 10:43:54,2026-03-25 12:27:56,Aalborg University,Studenterundervisere på AAU Esbjerg til at undervise i supplerende matematik,ebj,2026-04-13,,0,https://www.vacancies.aau.dk/scientific-positions/show-vacancy/vacancyId/914695
2026-03-25 10:43:54,2026-03-25 12:27:56,Aalborg University,Studenterunderviser på AAU København til at undervise i supplerende matematik,Copenhagen,2026-04-13,,0,https://www.vacancies.aau.dk/scientific-positions/show-vacancy/vacancyId/917164
2026-03-25 10:43:54,2026-03-25 12:27:56,Aalborg University,Research Assistant or Postdoc in Advanced Drone-Based EM Measurements and Data Processing,Aalborg,2026-04-19,,0,https://www.vacancies.aau.dk/scientific-positions/show-vacancy/vacancyId/909985
2026-03-25 10:43:54,2026-03-25 12:27:56,Aalborg University,Professorship in Educational Psychology,Aalborg,2026-04-19,,0,https://www.vacancies.aau.dk/scientific-positions/show-vacancy/vacancyId/913036
2026-03-25 10:43:54,2026-03-25 12:27:56,Aalborg University,Postdoc – Performance requirements for biobased construction materials used in the building envelope,Copenhagen,2026-04-19,,0,https://www.vacancies.aau.dk/scientific-positions/show-vacancy/vacancyId/916572
2026-03-25 10:43:54,2026-03-25 12:27:56,Aalborg University,Postdoc in Computational discovery of disordered crystalline materials,Aalborg,2026-04-21,,0,https://www.vacancies.aau.dk/scientific-positions/show-vacancy/vacancyId/916944
2026-03-25 10:43:54,2026-03-25 12:27:56,Aalborg University,Assistant Professors in Electronic Systems (with the possibility of tenure-track),Copenhagen,2026-04-26,,0,https://www.vacancies.aau.dk/scientific-positions/show-vacancy/vacancyId/914464
2026-03-25 10:43:54,2026-03-25 12:27:56,Aalborg University,Assistant Professor in Marketing,Aalborg,2026-05-10,,0,https://www.vacancies.aau.dk/scientific-positions/show-vacancy/vacancyId/917214
2026-03-25 10:43:54,2026-03-25 12:27:56,Aalborg University,One or more Assistant Professor(s) in Management Engineering,Aalborg,2026-06-01,,0,https://www.vacancies.aau.dk/scientific-positions/show-vacancy/vacancyId/916778
2026-03-25 10:43:54,2026-03-25 12:27:56,Chalmers,Postdoc in electrocatalysis studies using neutron reflectometry and diffraction,Physics,2026-04-24,,0,https://web103.reachmee.com/ext/I003/304/job?site=5&lang=UK&validator=a72aeedd63ec10de71e46f8d91d0d57c&job_id=14587&notrack=true
2026-03-25 10:43:54,2026-03-25 12:27:56,Chalmers,Doctoral student in Cryptography,Computer Science and Engineering,2026-04-26,,0,https://web103.reachmee.com/ext/I003/304/job?site=5&lang=UK&validator=a72aeedd63ec10de71e46f8d91d0d57c&job_id=14409&notrack=true
2026-03-25 10:43:54,2026-03-25 12:27:56,Chalmers,Doctoral student in Quantum sensing with nanoelectromechanical systems,Microtechnology and Nanoscience,2026-05-01,,0,https://web103.reachmee.com/ext/I003/304/job?site=5&lang=UK&validator=a72aeedd63ec10de71e46f8d91d0d57c&job_id=14720&notrack=true
2026-03-25 10:43:54,2026-03-25 12:27:56,Chalmers,Vikariat som administratör vid institutionen för Mechanical Engineering,Mechanical engineering (ME),2026-04-10,,0,https://web103.reachmee.com/ext/I003/304/job?site=5&lang=UK&validator=a72aeedd63ec10de71e46f8d91d0d57c&job_id=14706&notrack=true
2026-03-25 10:43:54,2026-03-25 12:27:56,Chalmers,Industrial PhD Student position in single molecule analysis,Chemistry and chemical engineering,2026-04-24,,0,https://web103.reachmee.com/ext/I003/304/job?site=5&lang=UK&validator=a72aeedd63ec10de71e46f8d91d0d57c&job_id=14725&notrack=true
2026-03-25 10:43:54,2026-03-25 12:27:56,Chalmers,Postdoc in doping of conjugated polymers for organic electronics,Chemistry and chemical engineering,2026-04-30,,0,https://web103.reachmee.com/ext/I003/304/job?site=5&lang=UK&validator=a72aeedd63ec10de71e46f8d91d0d57c&job_id=14695&notrack=true
2026-03-25 10:43:54,2026-03-25 12:27:56,Chalmers,Postdoc in growth of low dimensional materials for thermal management,Microtechnology and Nanoscience,2026-04-20,,0,https://web103.reachmee.com/ext/I003/304/job?site=5&lang=UK&validator=a72aeedd63ec10de71e46f8d91d0d57c&job_id=14687&notrack=true
2026-03-25 10:43:54,2026-03-25 12:27:56,Chalmers,Doctoral student in Trustworthy and Resilient Automotive Cybersecurity,Computer Science and Engineering,2026-04-25,,0,https://web103.reachmee.com/ext/I003/304/job?site=5&lang=UK&validator=a72aeedd63ec10de71e46f8d91d0d57c&job_id=14685&notrack=true
2026-03-25 10:43:54,2026-03-25 12:27:56,Chalmers,Doctoral student in the topic of glass dynamics at ab-initio accuracy via gen-AI,Physics,2026-04-17,,0,https://web103.reachmee.com/ext/I003/304/job?site=5&lang=UK&validator=a72aeedd63ec10de71e46f8d91d0d57c&job_id=14693&notrack=true
2026-03-25 10:43:54,2026-03-25 12:27:56,Chalmers,Mästarlärare i teknik och matematik,Mathematical Sciences,2026-04-07,,0,https://web103.reachmee.com/ext/I003/304/job?site=5&lang=UK&validator=a72aeedd63ec10de71e46f8d91d0d57c&job_id=14698&notrack=true
2026-03-25 10:43:54,2026-03-25 12:27:56,Chalmers,Research Engineer or Senior Research Engineer for Data-Driven Life Science,Physics,2026-04-12,,0,https://web103.reachmee.com/ext/I003/304/job?site=5&lang=UK&validator=a72aeedd63ec10de71e46f8d91d0d57c&job_id=14675&notrack=true
2026-03-25 10:43:54,2026-03-25 12:27:56,Chalmers,Postdoc in travelling wave parametric amplifiers for quantum technologies,Microtechnology and Nanoscience,2026-04-16,,0,https://web103.reachmee.com/ext/I003/304/job?site=5&lang=UK&validator=a72aeedd63ec10de71e46f8d91d0d57c&job_id=14682&notrack=true
2026-03-25 10:43:54,2026-03-25 12:27:56,Chalmers,Staff Scientist in characterization of quantum devices,Microtechnology and Nanoscience,2026-04-20,,0,https://web103.reachmee.com/ext/I003/304/job?site=5&lang=UK&validator=a72aeedd63ec10de71e46f8d91d0d57c&job_id=14637&notrack=true
2026-03-25 10:43:54,2026-03-25 12:27:56,Chalmers,Postdoc position in efficient simulation of noisy quantum circuits,Computer Science and Engineering,2026-05-18,,0,https://web103.reachmee.com/ext/I003/304/job?site=5&lang=UK&validator=a72aeedd63ec10de71e46f8d91d0d57c&job_id=13923&notrack=true
2026-03-25 10:43:54,2026-03-25 12:27:56,Chalmers,Postdoc in Precision Nutrition,Life sciences,2026-04-11,,0,https://web103.reachmee.com/ext/I003/304/job?site=5&lang=UK&validator=a72aeedd63ec10de71e46f8d91d0d57c&job_id=14641&notrack=true
2026-03-25 10:43:54,2026-03-25 12:27:56,Chalmers,Staff Scientist in quantum optics with giant emitters,Microtechnology and Nanoscience,2026-04-20,,0,https://web103.reachmee.com/ext/I003/304/job?site=5&lang=UK&validator=a72aeedd63ec10de71e46f8d91d0d57c&job_id=14636&notrack=true
2026-03-25 10:43:54,2026-03-25 12:27:56,Chalmers,Senior Researcher in Data-driven Nutrition,Life sciences,2026-03-31,,0,https://web103.reachmee.com/ext/I003/304/job?site=5&lang=UK&validator=a72aeedd63ec10de71e46f8d91d0d57c&job_id=14536&notrack=true
2026-03-25 10:43:54,2026-03-25 12:27:56,Chalmers,Food and Nutrition Laboratory Technician,Life sciences,2026-03-26,,0,https://web103.reachmee.com/ext/I003/304/job?site=5&lang=UK&validator=a72aeedd63ec10de71e46f8d91d0d57c&job_id=14683&notrack=true
2026-03-25 10:43:54,2026-03-25 12:27:56,Chalmers,"Postdoc in hybrid quantum systems of atoms, motion and light",Microtechnology and Nanoscience,2026-04-29,,0,https://web103.reachmee.com/ext/I003/304/job?site=5&lang=UK&validator=a72aeedd63ec10de71e46f8d91d0d57c&job_id=14614&notrack=true
2026-03-25 10:43:54,2026-03-25 12:27:56,Chalmers,Doctoral student in Soft Matter Structure and Morphology,Chemistry and chemical engineering,2026-04-24,,0,https://web103.reachmee.com/ext/I003/304/job?site=5&lang=UK&validator=a72aeedd63ec10de71e46f8d91d0d57c&job_id=14615&notrack=true
2026-03-25 10:43:54,2026-03-25 12:27:56,Chalmers,Summer internships in experimental research in superconducting quantum circuits,Microtechnology and Nanoscience,2026-04-09,,0,https://web103.reachmee.com/ext/I003/304/job?site=5&lang=UK&validator=a72aeedd63ec10de71e46f8d91d0d57c&job_id=14677&notrack=true
2026-03-25 10:43:54,2026-03-25 12:27:56,Chalmers,Postdoc in 3D Imaging and Mechanics of Bone,Physics,2026-04-09,,0,https://web103.reachmee.com/ext/I003/304/job?site=5&lang=UK&validator=a72aeedd63ec10de71e46f8d91d0d57c&job_id=14635&notrack=true
2026-03-25 10:43:54,2026-03-25 12:27:56,Chalmers,Postdoc in Data Science for Urban Mining of Building Components,Architecture and Civil Engineering,2026-04-20,,0,https://web103.reachmee.com/ext/I003/304/job?site=5&lang=UK&validator=a72aeedd63ec10de71e46f8d91d0d57c&job_id=14666&notrack=true
2026-03-25 10:43:54,2026-03-25 12:27:56,Chalmers,Teaching Fellow in mathematics,Mathematical Sciences,2026-04-08,,0,https://web103.reachmee.com/ext/I003/304/job?site=5&lang=UK&validator=a72aeedd63ec10de71e46f8d91d0d57c&job_id=14618&notrack=true
2026-03-25 10:43:54,2026-03-25 12:27:56,Chalmers,Internship in laser stabilization for laser cooling,Microtechnology and Nanoscience,2026-04-05,,0,https://web103.reachmee.com/ext/I003/304/job?site=5&lang=UK&validator=a72aeedd63ec10de71e46f8d91d0d57c&job_id=14661&notrack=true
2026-03-25 10:43:54,2026-03-25 12:27:56,Chalmers,Postdoc in experimental superconducting quantum computing,Microtechnology and Nanoscience,2026-04-30,,0,https://web103.reachmee.com/ext/I003/304/job?site=5&lang=UK&validator=a72aeedd63ec10de71e46f8d91d0d57c&job_id=14585&notrack=true
2026-03-25 10:43:54,2026-03-25 12:27:56,Chalmers,Postdoc in machine learning to improve decision making,Computer Science and Engineering,2026-04-10,,0,https://web103.reachmee.com/ext/I003/304/job?site=5&lang=UK&validator=a72aeedd63ec10de71e46f8d91d0d57c&job_id=14567&notrack=true
2026-03-25 10:43:54,2026-03-25 12:27:56,Chalmers,Doctoral student in Computational Genomics,Computer Science and Engineering,2026-05-01,,0,https://web103.reachmee.com/ext/I003/304/job?site=5&lang=UK&validator=a72aeedd63ec10de71e46f8d91d0d57c&job_id=14653&notrack=true
2026-03-25 10:43:54,2026-03-25 12:27:56,Chalmers,Doctoral student in Trustworthy and Resilient IoT Swarm Security,Computer Science and Engineering,2026-04-15,,0,https://web103.reachmee.com/ext/I003/304/job?site=5&lang=UK&validator=a72aeedd63ec10de71e46f8d91d0d57c&job_id=14565&notrack=true
2026-03-25 10:43:54,2026-03-25 12:27:56,Chalmers,Postdoc in Microbial & Data-Driven Food Biotechnology,Life sciences,2026-03-31,,0,https://web103.reachmee.com/ext/I003/304/job?site=5&lang=UK&validator=a72aeedd63ec10de71e46f8d91d0d57c&job_id=14625&notrack=true
2026-03-25 10:43:54,2026-03-25 12:27:56,Chalmers,Doctoral student in Control-oriented system identification,Electrical Engineering,2026-04-15,,0,https://web103.reachmee.com/ext/I003/304/job?site=5&lang=UK&validator=a72aeedd63ec10de71e46f8d91d0d57c&job_id=14630&notrack=true
2026-03-25 10:43:54,2026-03-25 12:27:56,Chalmers,Doctoral student in Kernel-based multi-task learning,Electrical Engineering,2026-04-15,,0,https://web103.reachmee.com/ext/I003/304/job?site=5&lang=UK&validator=a72aeedd63ec10de71e46f8d91d0d57c&job_id=14632&notrack=true
2026-03-25 10:43:54,2026-03-25 12:27:56,Chalmers,Postdoc in Kernel-based learning for predictive control,Electrical Engineering,2026-04-30,,0,https://web103.reachmee.com/ext/I003/304/job?site=5&lang=UK&validator=a72aeedd63ec10de71e46f8d91d0d57c&job_id=14634&notrack=true
2026-03-25 10:43:54,2026-03-25 12:27:56,Chalmers,Doctoral student in Human-Robot Interaction,Computer Science and Engineering,2026-04-17,,0,https://web103.reachmee.com/ext/I003/304/job?site=5&lang=UK&validator=a72aeedd63ec10de71e46f8d91d0d57c&job_id=14633&notrack=true
2026-03-25 10:43:54,2026-03-25 12:27:56,Chalmers,Postdoc in microwave hyperthermia,Electrical Engineering,2026-03-26,,0,https://web103.reachmee.com/ext/I003/304/job?site=5&lang=UK&validator=a72aeedd63ec10de71e46f8d91d0d57c&job_id=14617&notrack=true
2026-03-25 10:43:54,2026-03-25 12:27:56,Chalmers,Postdoc in far-infrared semiconductor electronics,Microtechnology and Nanoscience,2026-03-27,,0,https://web103.reachmee.com/ext/I003/304/job?site=5&lang=UK&validator=a72aeedd63ec10de71e46f8d91d0d57c&job_id=14631&notrack=true
2026-03-25 10:43:54,2026-03-25 12:27:56,Chalmers,Project assistant in environmental assessment of batteries,Miljö- och energivetenskaper (ENV),2026-03-31,,0,https://web103.reachmee.com/ext/I003/304/job?site=5&lang=UK&validator=a72aeedd63ec10de71e46f8d91d0d57c&job_id=14628&notrack=true
2026-03-25 10:43:54,2026-03-25 12:27:56,Chalmers,Postdoc in Data-driven methods for remote sensing of forests using the Biomass satellite,"Space, Earth and Environment",2026-03-27,,0,https://web103.reachmee.com/ext/I003/304/job?site=5&lang=UK&validator=a72aeedd63ec10de71e46f8d91d0d57c&job_id=14586&notrack=true
2026-03-25 10:43:54,2026-03-25 12:27:56,Chalmers,Doctoral Student in Grey-Box Modeling of Multiphase Flows,Chemistry and chemical engineering,2026-03-31,,0,https://web103.reachmee.com/ext/I003/304/job?site=5&lang=UK&validator=a72aeedd63ec10de71e46f8d91d0d57c&job_id=14532&notrack=true
2026-03-25 10:43:54,2026-03-25 12:27:56,Chalmers,Doctoral Student in Quantum-Classical Modeling of Multiphase Flows,Chemistry and chemical engineering,2026-03-31,,0,https://web103.reachmee.com/ext/I003/304/job?site=5&lang=UK&validator=a72aeedd63ec10de71e46f8d91d0d57c&job_id=14533&notrack=true
2026-03-25 10:43:54,2026-03-25 12:27:56,Chalmers,Postdoc in Grey-Box Modeling of Multiphase Flows,Chemistry and chemical engineering,2026-03-31,,0,https://web103.reachmee.com/ext/I003/304/job?site=5&lang=UK&validator=a72aeedd63ec10de71e46f8d91d0d57c&job_id=14534&notrack=true
2026-03-25 10:43:54,2026-03-25 12:27:56,Chalmers,Postdoc in Quantum-Classical Modeling of Multiphase Flows,Chemistry and chemical engineering,2026-03-31,,0,https://web103.reachmee.com/ext/I003/304/job?site=5&lang=UK&validator=a72aeedd63ec10de71e46f8d91d0d57c&job_id=14535&notrack=true
2026-03-25 10:43:54,2026-03-25 12:27:56,Chalmers,PhD student in integrated photonics,Microtechnology and Nanoscience,2026-03-30,,0,https://web103.reachmee.com/ext/I003/304/job?site=5&lang=UK&validator=a72aeedd63ec10de71e46f8d91d0d57c&job_id=14604&notrack=true
2026-03-25 10:43:54,2026-03-25 12:27:56,Chalmers,Assistant Professor in Data-driven cell and molecular biology,Chalmers tekniska högskola,2026-04-17,,0,https://web103.reachmee.com/ext/I003/304/job?site=5&lang=UK&validator=a72aeedd63ec10de71e46f8d91d0d57c&job_id=14582&notrack=true
2026-03-25 10:43:54,2026-03-25 12:27:56,Chalmers,Postdocs in Theoretical Foundations of AI Safety,Computer Science and Engineering,2026-04-01,,0,https://web103.reachmee.com/ext/I003/304/job?site=5&lang=UK&validator=a72aeedd63ec10de71e46f8d91d0d57c&job_id=14603&notrack=true
2026-03-25 10:43:54,2026-03-25 12:27:56,Chalmers,Staff Scientist in experimental superconducting quantum computing,Microtechnology and Nanoscience,2026-04-11,,0,https://web103.reachmee.com/ext/I003/304/job?site=5&lang=UK&validator=a72aeedd63ec10de71e46f8d91d0d57c&job_id=14583&notrack=true
2026-03-25 10:43:54,2026-03-25 12:27:56,Chalmers,Doctoral student in Solid and structural dynamics,Mechanics and Maritime Sciences,2026-03-31,,0,https://web103.reachmee.com/ext/I003/304/job?site=5&lang=UK&validator=a72aeedd63ec10de71e46f8d91d0d57c&job_id=14518&notrack=true
2026-03-25 10:43:54,2026-03-25 12:27:56,Chalmers,Postdoc in Writing for Publication and Generative Artificial Intelligence,Communication and Learning in Science,2026-03-30,,0,https://web103.reachmee.com/ext/I003/304/job?site=5&lang=UK&validator=a72aeedd63ec10de71e46f8d91d0d57c&job_id=14544&notrack=true
2026-03-25 10:43:54,2026-03-25 12:27:56,Chalmers,2 Doctoral students at the Department of Physics: Join us and expand knowledge,Physics,2026-03-31,,0,https://web103.reachmee.com/ext/I003/304/job?site=5&lang=UK&validator=a72aeedd63ec10de71e46f8d91d0d57c&job_id=14494&notrack=true
2026-03-25 10:43:51,2026-03-25 12:27:54,KTH,Doctoral student in CFD simulation of Carbon Capture and Utilisation,,,"carbon, carbon capture",6,https://www.kth.se/lediga-jobb/910180?l=en
2026-03-25 10:43:51,2026-03-25 12:27:55,NTNU,"Energy and Environmental Economics, focusing on macroeconomic analysis of energy transition policies",trondheim,2026-04-11,"energy, transition",6,https://www.jobbnorge.no/ledige-stillinger/stilling/297807/energy-and-environmental-economics-focusing-on-macroeconomic-analysis-of-energy-transition-policies
2026-03-25 10:43:51,2026-03-25 12:27:55,NTNU,Phd-candidate in characterization and optimization of concrete with low-CO2 binders,trondheim,2026-04-12,"co2, optimization",5,https://www.jobbnorge.no/ledige-stillinger/stilling/297631/phd-candidate-in-characterization-and-optimization-of-concrete-with-low-co2-binders
2026-03-25 10:43:51,2026-03-25 12:27:54,KTH,Doctoral student in Sustainable Metallurgy: Slag Design & Refractories,,,sustainable,3,https://www.kth.se/lediga-jobb/898070?l=en
2026-03-25 10:43:51,2026-03-25 12:27:54,KTH,Doctoral student (lic) From Behaviour to Emissions: Modeling modal shift,,,emissions,3,https://www.kth.se/lediga-jobb/899181?l=en
2026-03-25 10:43:51,2026-03-25 12:27:54,KTH,Doctoral student in Collaboration for efficient and sustainable infrastructure development,,,sustainable,3,https://www.kth.se/lediga-jobb/908195?l=en
2026-03-25 10:43:51,2026-03-25 12:27:55,NTNU,PhD Candidate in Climate Risk Assessment,trondheim,2026-03-28,climate,3,https://www.jobbnorge.no/ledige-stillinger/stilling/296540/phd-candidate-in-climate-risk-assessment
2026-03-25 10:43:51,2026-03-25 12:27:55,NTNU,PhD Candidate in Risk-Consistent Design of Protection Structures for Climate-Adapted Infrastructure,trondheim,2026-03-31,climate,3,https://www.jobbnorge.no/ledige-stillinger/stilling/297270/phd-candidate-in-risk-consistent-design-of-protection-structures-for-climate-adapted-infrastructure
2026-03-25 10:43:51,2026-03-25 12:27:55,NTNU,Researcher within Sustainability assessment (LCA) of soil stabilization,trondheim,2026-04-06,"sustainability, lca",3,https://www.jobbnorge.no/ledige-stillinger/stilling/297183/researcher-within-sustainability-assessment-lca-of-soil-stabilization
2026-03-25 10:43:51,2026-03-25 12:27:55,NTNU,PhD Candidate in AI-Enabled Uncertainty Analysis for High-Fidelity Internet-of-Energy Digital Twins,alesund,2026-04-29,energy,3,https://www.jobbnorge.no/ledige-stillinger/stilling/297847/phd-candidate-in-ai-enabled-uncertainty-analysis-for-high-fidelity-internet-of-energy-digital-twins
2026-03-25 10:43:51,2026-03-25 12:27:54,KTH,"Postdoc in machine learning, autonomous decision-making, and optimization.",,,optimization,2,https://www.kth.se/lediga-jobb/904538?l=en
2026-03-25 10:43:51,2026-03-25 12:27:54,KTH,Doctoral student in MSCA SecReSy4You: Security optimization in control systems,,,optimization,2,https://www.kth.se/lediga-jobb/915563?l=en
2026-03-25 10:43:51,2026-03-25 12:27:54,KTH,Doctoral student in Production Systems Modelling,,,systems modelling,2,https://www.kth.se/lediga-jobb/913027?l=en
2026-03-25 10:43:51,2026-03-25 12:27:55,NTNU,PhD Candidate in Process Systems Engineering and Real-Time Optimization,trondheim,2026-03-28,optimization,2,https://www.jobbnorge.no/ledige-stillinger/stilling/297181/phd-candidate-in-process-systems-engineering-and-real-time-optimization
2026-03-25 10:43:51,2026-03-25 12:27:55,NTNU,PhD Candidate in Hard Rock Geothermal Drilling and AI-Driven Drilling Optimization - IV-21/26,trondheim,2026-04-18,optimization,2,https://www.jobbnorge.no/ledige-stillinger/stilling/298154/phd-candidate-in-hard-rock-geothermal-drilling-and-ai-driven-drilling-optimization-iv-21-26
2026-03-25 10:43:51,2026-03-25 12:27:55,NTNU,Network Design and Logistics Optimization for Circular Food Supply Chains,trondheim,2026-04-20,optimization,2,https://www.jobbnorge.no/ledige-stillinger/stilling/298431/network-design-and-logistics-optimization-for-circular-food-supply-chains
2026-03-25 10:43:51,2026-03-25 12:27:55,NTNU,PhD Candidate in Biological Oceanography: Zooplankton and its role in the carbon pump,trondheim,2026-04-01,carbon,1,https://www.jobbnorge.no/ledige-stillinger/stilling/296793/phd-candidate-in-biological-oceanography-zooplankton-and-its-role-in-the-carbon-pump
2026-03-25 10:43:51,2026-03-25 12:27:54,KTH,Research,,,,0,https://www.kth.se/en/forskning
2026-03-25 10:43:51,2026-03-25 12:27:54,KTH,Search the Student web,,,,0,https://www.kth.se/en/student/search
2026-03-25 10:43:51,2026-03-25 12:27:54,KTH,Master’s degree project supervisor in Computer Science,,,,0,https://www.kth.se/lediga-jobb/914038?l=en
2026-03-25 10:43:51,2026-03-25 12:27:54,KTH,Postdoc in methods for technical implementation of circular networks,,,,0,https://www.kth.se/lediga-jobb/905949?l=en
2026-03-25 10:43:51,2026-03-25 12:27:54,KTH,Researcher (parental leave position)Therapeutic Protein Engineering at the DDD platform,,,,0,https://www.kth.se/lediga-jobb/911657?l=en
2026-03-25 10:43:51,2026-03-25 12:27:54,KTH,Postdoc in Spatial Transcriptomics data analysis.,,,,0,https://www.kth.se/lediga-jobb/912263?l=en
2026-03-25 10:43:51,2026-03-25 12:27:54,KTH,Assistant professor in NMR spectroscopy with specialization in materials chemistry,,,,0,https://www.kth.se/lediga-jobb/875645?l=en
2026-03-25 10:43:51,2026-03-25 12:27:54,KTH,Postdoc in Safe Robot Planning,,,,0,https://www.kth.se/lediga-jobb/911111?l=en
2026-03-25 10:43:51,2026-03-25 12:27:54,KTH,Doctoral student in Experimental Fluid Mechanics & Artificial Intelligence,,,,0,https://www.kth.se/lediga-jobb/898147?l=en
2026-03-25 10:43:51,2026-03-25 12:27:54,KTH,Postdoc in Cavitation System Design for PFAS Treatment in Water,,,,0,https://www.kth.se/lediga-jobb/915280?l=en
2026-03-25 10:43:51,2026-03-25 12:27:54,KTH,Doctoral student in Crystallization of Critical Raw Materials,,,,0,https://www.kth.se/lediga-jobb/903045?l=en
2026-03-25 10:43:51,2026-03-25 12:27:54,KTH,Doctoral student in Bio-graphene via catalytic graphitization for Li–S,,,,0,https://www.kth.se/lediga-jobb/904152?l=en
2026-03-25 10:43:51,2026-03-25 12:27:54,KTH,Doctoral student in visual analytics of cyber-physical systems,,,,0,https://www.kth.se/lediga-jobb/907488?l=en
2026-03-25 10:43:51,2026-03-25 12:27:54,KTH,Doctoral student in Computer Science - Verified Microarchitectural Security,,,,0,https://www.kth.se/lediga-jobb/907809?l=en
2026-03-25 10:43:51,2026-03-25 12:27:54,KTH,Doctoral student in modeling of W and W alloys for additive manufacturing,,,,0,https://www.kth.se/lediga-jobb/908131?l=en
2026-03-25 10:43:51,2026-03-25 12:27:54,KTH,Doctoral student in Molecular Genomics,,,,0,https://www.kth.se/lediga-jobb/909005?l=en
2026-03-25 10:43:51,2026-03-25 12:27:54,KTH,Doctoral student in Agentic LLM for Transport Planning,,,,0,https://www.kth.se/lediga-jobb/909278?l=en
2026-03-25 10:43:51,2026-03-25 12:27:54,KTH,Doctoral student in   Chemistry with specialization in Nuclear Chemistry,,,,0,https://www.kth.se/lediga-jobb/910051?l=en
2026-03-25 10:43:51,2026-03-25 12:27:54,KTH,Doctoral student in Theoretical Condensed Matter Physics,,,,0,https://www.kth.se/lediga-jobb/880357?l=en
2026-03-25 10:43:51,2026-03-25 12:27:54,KTH,Postdoc in quantum algorithms for machine learning,,,,0,https://www.kth.se/lediga-jobb/905700?l=en
2026-03-25 10:43:51,2026-03-25 12:27:54,KTH,Postdocs in wireless communications,,,,0,https://www.kth.se/lediga-jobb/905758?l=en
2026-03-25 10:43:51,2026-03-25 12:27:54,KTH,Doctoral student (licentiate) in soil and rock mechanics (piling),,,,0,https://www.kth.se/lediga-jobb/909260?l=en
2026-03-25 10:43:51,2026-03-25 12:27:54,KTH,Doctoral (Licentiate) student in Transport Science,,,,0,https://www.kth.se/lediga-jobb/908540?l=en
2026-03-25 10:43:51,2026-03-25 12:27:54,KTH,Postdoc in Computational Biology of Human Tissue Architecture,,,,0,https://www.kth.se/lediga-jobb/912839?l=en
2026-03-25 10:43:51,2026-03-25 12:27:54,KTH,Postdoc in Robot Learning for Manipulation,,,,0,https://www.kth.se/lediga-jobb/915645?l=en
2026-03-25 10:43:51,2026-03-25 12:27:54,KTH,"Postdoctoral position in astronomy, focused on supernova remnants",,,,0,https://www.kth.se/lediga-jobb/914794?l=en
2026-03-25 10:43:51,2026-03-25 12:27:54,KTH,"Doctoral student in space plasma physics, plasma measurements around planet Mercury",,,,0,https://www.kth.se/lediga-jobb/907179?l=en
2026-03-25 10:43:51,2026-03-25 12:27:54,KTH,Doctoral student in Robotics and geometric machine learning,,,,0,https://www.kth.se/lediga-jobb/908490?l=en
2026-03-25 10:43:51,2026-03-25 12:27:54,KTH,Postdoc in generative AI for humanoid assistive robots,,,,0,https://www.kth.se/lediga-jobb/909261?l=en
2026-03-25 10:43:51,2026-03-25 12:27:54,KTH,Doctoral student in Material and Structural Mechanics,,,,0,https://www.kth.se/lediga-jobb/908344?l=en
2026-03-25 10:43:51,2026-03-25 12:27:54,KTH,Doctoral student in Material and Structural Mechanics,,,,0,https://www.kth.se/lediga-jobb/908377?l=en
2026-03-25 10:43:51,2026-03-25 12:27:54,KTH,Doctoral student in reinforcement Learning in Agent-based models,,,,0,https://www.kth.se/lediga-jobb/910703?l=en
2026-03-25 10:43:51,2026-03-25 12:27:54,KTH,Assistant professor in Data driven cell and molecular biology,,,,0,https://www.kth.se/lediga-jobb/891334?l=en
2026-03-25 10:43:51,2026-03-25 12:27:54,KTH,Doctoral student in generative AI for humanoid assistive robots,,,,0,https://www.kth.se/lediga-jobb/907457?l=en
2026-03-25 10:43:51,2026-03-25 12:27:54,KTH,Doctoral student in Numerical Methods for Functional Calculus,,,,0,https://www.kth.se/lediga-jobb/904789?l=en
2026-03-25 10:43:51,2026-03-25 12:27:54,KTH,Doctoral student in machining with a focus on process & functional surfaces,,,,0,https://www.kth.se/lediga-jobb/913002?l=en
2026-03-25 10:43:51,2026-03-25 12:27:54,KTH,Vacancies as RSS,,,,0,https://www.kth.se/lediga-jobb/rss/
2026-03-25 10:43:51,2026-03-25 12:27:54,KTH,Student at KTH,,,,0,https://www.kth.se/en/student
2026-03-25 10:43:51,2026-03-25 12:27:55,NTNU,PhD Candidate in Geology/Geophysics - IV-41/26,trondheim,2026-03-24,,0,https://www.jobbnorge.no/ledige-stillinger/stilling/295091/phd-candidate-in-geology-geophysics-iv-41-26
2026-03-25 10:43:51,2026-03-25 12:27:55,NTNU,PhD Position in Experimental Combustion Studies for Future Fuels,trondheim,2026-03-24,,0,https://www.jobbnorge.no/ledige-stillinger/stilling/295766/phd-position-in-experimental-combustion-studies-for-future-fuels
2026-03-25 10:43:51,2026-03-25 12:27:55,NTNU,Verksted-/laboratorieansvarlig,alesund,2026-03-24,,0,https://www.jobbnorge.no/ledige-stillinger/stilling/297477/verksted-laboratorieansvarlig
2026-03-25 10:43:51,2026-03-25 12:27:55,NTNU,Systemutvikler/programmerer i HUNT5,ukjent,2026-03-25,,0,https://www.jobbnorge.no/ledige-stillinger/stilling/296779/systemutvikler-programmerer-i-hunt5
2026-03-25 10:43:51,2026-03-25 12:27:55,NTNU,Universitetslektor i medisin (allmennmedisin),gjovik,2026-03-25,,0,https://www.jobbnorge.no/ledige-stillinger/stilling/296171/universitetslektor-i-medisin-allmennmedisin
2026-03-25 10:43:51,2026-03-25 12:27:55,NTNU,PhD Candidate in Learning the engineering from blueprints of past technical artefacts,trondheim,2026-03-26,,0,https://www.jobbnorge.no/ledige-stillinger/stilling/296708/phd-candidate-in-learning-the-engineering-from-blueprints-of-past-technical-artefacts
2026-03-25 10:43:51,2026-03-25 12:27:55,NTNU,ERC-funded Researcher in Integrative Omics and Systems Biology,trondheim,2026-03-28,,0,https://www.jobbnorge.no/ledige-stillinger/stilling/297322/erc-funded-researcher-in-integrative-omics-and-systems-biology
2026-03-25 10:43:51,2026-03-25 12:27:55,NTNU,Forskar innan miljøpsykologi,trondheim,2026-03-28,,0,https://www.jobbnorge.no/ledige-stillinger/stilling/297128/forskar-innan-miljoepsykologi
2026-03-25 10:43:51,2026-03-25 12:27:55,NTNU,PhD Candidate within Project Management in a VUCA World,trondheim,2026-03-28,,0,https://www.jobbnorge.no/ledige-stillinger/stilling/296341/phd-candidate-within-project-management-in-a-vuca-world
2026-03-25 10:43:51,2026-03-25 12:27:55,NTNU,PhD Candidate in Hydraulic Engineering,trondheim,2026-03-29,,0,https://www.jobbnorge.no/ledige-stillinger/stilling/294961/phd-candidate-in-hydraulic-engineering
2026-03-25 10:43:51,2026-03-25 12:27:55,NTNU,PhD Candidate in Resilient Design and Operation of Decentralized Solar PV and Battery Systems,trondheim,2026-03-29,,0,https://www.jobbnorge.no/ledige-stillinger/stilling/296737/phd-candidate-in-resilient-design-and-operation-of-decentralized-solar-pv-and-battery-systems
2026-03-25 10:43:51,2026-03-25 12:27:55,NTNU,PhD Candidate in Human Osteoarchaeology,trondheim,2026-03-30,,0,https://www.jobbnorge.no/ledige-stillinger/stilling/295973/phd-candidate-in-human-osteoarchaeology
2026-03-25 10:43:51,2026-03-25 12:27:55,NTNU,PhD Candidate in Hybrid integration of tunable lasers and electro-optical frequency combs,trondheim,2026-03-30,,0,https://www.jobbnorge.no/ledige-stillinger/stilling/297283/phd-candidate-in-hybrid-integration-of-tunable-lasers-and-electro-optical-frequency-combs
2026-03-25 10:43:51,2026-03-25 12:27:55,NTNU,PhD Candidate in Method Development in Quantum Chemistry,trondheim,2026-03-30,,0,https://www.jobbnorge.no/ledige-stillinger/stilling/296838/phd-candidate-in-method-development-in-quantum-chemistry
2026-03-25 10:43:51,2026-03-25 12:27:55,NTNU,Post doc position in marine primary production in Polhavet 2050 (PH2050),trondheim,2026-03-30,,0,https://www.jobbnorge.no/ledige-stillinger/stilling/297862/post-doc-position-in-marine-primary-production-in-polhavet-2050-ph2050
2026-03-25 10:43:51,2026-03-25 12:27:55,NTNU,Postdoctoral Fellow in Emerging GPAI Capabilities and Risks,trondheim,2026-03-30,,0,https://www.jobbnorge.no/ledige-stillinger/stilling/296528/postdoctoral-fellow-in-emerging-gpai-capabilities-and-risks
2026-03-25 10:43:51,2026-03-25 12:27:55,NTNU,SFI FAST: PhD Candidate in Materials Physics,trondheim,2026-03-30,,0,https://www.jobbnorge.no/ledige-stillinger/stilling/296781/sfi-fast-phd-candidate-in-materials-physics
2026-03-25 10:43:51,2026-03-25 12:27:55,NTNU,PhD Candidate in data acquisition and analyses in tunnelling projects,trondheim,2026-03-31,,0,https://www.jobbnorge.no/ledige-stillinger/stilling/295773/phd-candidate-in-data-acquisition-and-analyses-in-tunnelling-projects
2026-03-25 10:43:51,2026-03-25 12:27:55,NTNU,Stipendiat i kunstnerisk utviklingsarbeid fagområde musikkteknologi og KI for kunstnerisk framføring,trondheim,2026-03-31,,0,https://www.jobbnorge.no/ledige-stillinger/stilling/293357/stipendiat-i-kunstnerisk-utviklingsarbeid-fagomraade-musikkteknologi-og-ki-for-kunstnerisk-framfoering
2026-03-25 10:43:51,2026-03-25 12:27:55,NTNU,"Stipendiat i musikkteknologi med fokus på KI, helse og velvære",trondheim,2026-03-31,,0,https://www.jobbnorge.no/ledige-stillinger/stilling/293368/stipendiat-i-musikkteknologi-med-fokus-paa-ki-helse-og-velvaere
2026-03-25 10:43:51,2026-03-25 12:27:55,NTNU,PhD Candidate in High-Throughput Design of Bimetallic Catalysts for Syngas Conversion,trondheim,2026-04-01,,0,https://www.jobbnorge.no/ledige-stillinger/stilling/298089/phd-candidate-in-high-throughput-design-of-bimetallic-catalysts-for-syngas-conversion
2026-03-25 10:43:51,2026-03-25 12:27:55,NTNU,PhD in Economics,trondheim,2026-04-01,,0,https://www.jobbnorge.no/ledige-stillinger/stilling/295348/phd-in-economics
2026-03-25 10:43:51,2026-03-25 12:27:55,NTNU,Avdelingsingeniør,trondheim,2026-04-03,,0,https://www.jobbnorge.no/ledige-stillinger/stilling/296551/avdelingsingenioer
2026-03-25 10:43:51,2026-03-25 12:27:55,NTNU,"PhD in Durability of Airport Concrete under Frost, De-icing Salts, and Impact Loading",trondheim,2026-04-04,,0,https://www.jobbnorge.no/ledige-stillinger/stilling/297596/phd-in-durability-of-airport-concrete-under-frost-de-icing-salts-and-impact-loading
2026-03-25 10:43:51,2026-03-25 12:27:55,NTNU,Førsteamanuensis i helsevitenskap (sykepleie),gjovik,2026-04-05,,0,https://www.jobbnorge.no/ledige-stillinger/stilling/296968/foersteamanuensis-i-helsevitenskap-sykepleie
2026-03-25 10:43:51,2026-03-25 12:27:55,NTNU,PhD Candidate in Fatigue of Francis Turbine Runners under Flexible Operation,trondheim,2026-04-05,,0,https://www.jobbnorge.no/ledige-stillinger/stilling/298227/phd-candidate-in-fatigue-of-francis-turbine-runners-under-flexible-operation
2026-03-25 10:43:51,2026-03-25 12:27:55,NTNU,PhD Candidate in Registry-Based Research on Migraine Treatment and Outcomes,trondheim,2026-04-05,,0,https://www.jobbnorge.no/ledige-stillinger/stilling/296638/phd-candidate-in-registry-based-research-on-migraine-treatment-and-outcomes
2026-03-25 10:43:51,2026-03-25 12:27:55,NTNU,PhD Candidate in Trustworthy AI-Enabled Signal Analysis for Next-Generation Wireless Systems,trondheim,2026-04-05,,0,https://www.jobbnorge.no/ledige-stillinger/stilling/296674/phd-candidate-in-trustworthy-ai-enabled-signal-analysis-for-next-generation-wireless-systems
2026-03-25 10:43:51,2026-03-25 12:27:55,NTNU,PhD Candidate in magnetohydrodynamic modeling of electric arcs in silicon furnaces,trondheim,2026-04-05,,0,https://www.jobbnorge.no/ledige-stillinger/stilling/295469/phd-candidate-in-magnetohydrodynamic-modeling-of-electric-arcs-in-silicon-furnaces
2026-03-25 10:43:51,2026-03-25 12:27:55,NTNU,Posdoctoral fellow in health service research,trondheim,2026-04-05,,0,https://www.jobbnorge.no/ledige-stillinger/stilling/295734/posdoctoral-fellow-in-health-service-research
2026-03-25 10:43:51,2026-03-25 12:27:55,NTNU,Prosjektøkonom,trondheim,2026-04-05,,0,https://www.jobbnorge.no/ledige-stillinger/stilling/293996/prosjektoekonom
2026-03-25 10:43:51,2026-03-25 12:27:55,NTNU,SFI FAST: PhD position in Microstructure/texture evolution during extrusion of scrap-based Aluminium,trondheim,2026-04-05,,0,https://www.jobbnorge.no/ledige-stillinger/stilling/296097/sfi-fast-phd-position-in-microstructure-texture-evolution-during-extrusion-of-scrap-based-aluminium
2026-03-25 10:43:51,2026-03-25 12:27:55,NTNU,Sikkerhetsanalytiker (SOC),gjovik,2026-04-05,,0,https://www.jobbnorge.no/ledige-stillinger/stilling/295059/sikkerhetsanalytiker-soc
2026-03-25 10:43:51,2026-03-25 12:27:55,NTNU,Stipendiat i heterogen katalyse,trondheim,2026-04-05,,0,https://www.jobbnorge.no/ledige-stillinger/stilling/298334/stipendiat-i-heterogen-katalyse
2026-03-25 10:43:51,2026-03-25 12:27:55,NTNU,Avdelingsingeniør/overingeniør IT-brukerstøtte – To stillinger,trondheim,2026-04-06,,0,https://www.jobbnorge.no/ledige-stillinger/stilling/298157/avdelingsingenioer-overingenioer-it-brukerstoette-to-stillinger
2026-03-25 10:43:51,2026-03-25 12:27:55,NTNU,HR-rådgiver,trondheim,2026-04-06,,0,https://www.jobbnorge.no/ledige-stillinger/stilling/296901/hr-raadgiver
2026-03-25 10:43:51,2026-03-25 12:27:55,NTNU,Kommunikasjonsrådgiver,trondheim,2026-04-06,,0,https://www.jobbnorge.no/ledige-stillinger/stilling/297406/kommunikasjonsraadgiver
2026-03-25 10:43:51,2026-03-25 12:27:55,NTNU,Over-/senioringeniør - Linux og High Performance Computing (HPC),trondheim,2026-04-06,,0,https://www.jobbnorge.no/ledige-stillinger/stilling/298223/over-senioringenioer-linux-og-high-performance-computing-hpc
2026-03-25 10:43:51,2026-03-25 12:27:55,NTNU,PhD Candidate in Digital Twins and AI for Cultural Heritage Preparedness,gjovik,2026-04-06,,0,https://www.jobbnorge.no/ledige-stillinger/stilling/296880/phd-candidate-in-digital-twins-and-ai-for-cultural-heritage-preparedness
2026-03-25 10:43:51,2026-03-25 12:27:55,NTNU,PhD Candidate in Human-AI Teaming for Maritime Operations,trondheim,2026-04-06,,0,https://www.jobbnorge.no/ledige-stillinger/stilling/297385/phd-candidate-in-human-ai-teaming-for-maritime-operations
2026-03-25 10:43:51,2026-03-25 12:27:55,NTNU,PhD Candidate in Human-Centred Robotics for Embodied AI,trondheim,2026-04-06,,0,https://www.jobbnorge.no/ledige-stillinger/stilling/297370/phd-candidate-in-human-centred-robotics-for-embodied-ai
2026-03-25 10:43:51,2026-03-25 12:27:55,NTNU,PhD Candidate in Particle Engineering,trondheim,2026-04-06,,0,https://www.jobbnorge.no/ledige-stillinger/stilling/297905/phd-candidate-in-particle-engineering
2026-03-25 10:43:51,2026-03-25 12:27:55,NTNU,PhD Candidate in Visualisation of AI Advice for Safety-Critical Maritime Decision Support,trondheim,2026-04-06,,0,https://www.jobbnorge.no/ledige-stillinger/stilling/297392/phd-candidate-in-visualisation-of-ai-advice-for-safety-critical-maritime-decision-support
2026-03-25 10:43:51,2026-03-25 12:27:55,NTNU,PhD Candidate in coordinated voltage control and stability,trondheim,2026-04-06,,0,https://www.jobbnorge.no/ledige-stillinger/stilling/295927/phd-candidate-in-coordinated-voltage-control-and-stability
2026-03-25 10:43:51,2026-03-25 12:27:55,NTNU,Prosjektøkonom,trondheim,2026-04-06,,0,https://www.jobbnorge.no/ledige-stillinger/stilling/296633/prosjektoekonom
2026-03-25 10:43:51,2026-03-25 12:27:55,NTNU,Rådgiver/seniorrådgiver utdanning,trondheim,2026-04-06,,0,https://www.jobbnorge.no/ledige-stillinger/stilling/295668/raadgiver-seniorraadgiver-utdanning
2026-03-25 10:43:51,2026-03-25 12:27:55,NTNU,Seksjonssjef – Studieseksjonen,trondheim,2026-04-06,,0,https://www.jobbnorge.no/ledige-stillinger/stilling/297011/seksjonssjef-studieseksjonen
2026-03-25 10:43:51,2026-03-25 12:27:55,NTNU,Seniorrådgiver økonomi - virksomhetskontroller,trondheim,2026-04-06,,0,https://www.jobbnorge.no/ledige-stillinger/stilling/296768/seniorraadgiver-oekonomi-virksomhetskontroller
2026-03-25 10:43:51,2026-03-25 12:27:55,NTNU,Universitetslektor i programmering,gjovik,2026-04-06,,0,https://www.jobbnorge.no/ledige-stillinger/stilling/297341/universitetslektor-i-programmering
2026-03-25 10:43:51,2026-03-25 12:27:55,NTNU,2 PhD Candidates in Mathematical Sciences,trondheim,2026-04-07,,0,https://www.jobbnorge.no/ledige-stillinger/stilling/296566/2-phd-candidates-in-mathematical-sciences
2026-03-25 10:43:51,2026-03-25 12:27:55,NTNU,"Ph.d. stipendiat i psykisk helse, rus og legemiddelbruk",trondheim,2026-04-07,,0,https://www.jobbnorge.no/ledige-stillinger/stilling/296669/phd-stipendiat-i-psykisk-helse-rus-og-legemiddelbruk
2026-03-25 10:43:51,2026-03-25 12:27:55,NTNU,PhD Candidate in computational mechanics,trondheim,2026-04-07,,0,https://www.jobbnorge.no/ledige-stillinger/stilling/297237/phd-candidate-in-computational-mechanics
2026-03-25 10:43:51,2026-03-25 12:27:55,NTNU,Postdoctoral Fellowship in Mathematical Sciences,trondheim,2026-04-07,,0,https://www.jobbnorge.no/ledige-stillinger/stilling/296571/postdoctoral-fellowship-in-mathematical-sciences
2026-03-25 10:43:51,2026-03-25 12:27:55,NTNU,Stipendiat i vaksenpsykologi,trondheim,2026-04-07,,0,https://www.jobbnorge.no/ledige-stillinger/stilling/296399/stipendiat-i-vaksenpsykologi
2026-03-25 10:43:51,2026-03-25 12:27:55,NTNU,PhD in Economics (EduGAP Project),trondheim,2026-04-08,,0,https://www.jobbnorge.no/ledige-stillinger/stilling/296757/phd-in-economics-edugap-project
2026-03-25 10:43:51,2026-03-25 12:27:55,NTNU,Postdoctoral Fellow in Economics,trondheim,2026-04-08,,0,https://www.jobbnorge.no/ledige-stillinger/stilling/296788/postdoctoral-fellow-in-economics
2026-03-25 10:43:51,2026-03-25 12:27:55,NTNU,50 % sykepleier intensiv / 50 % universitetslektor i helsevitenskap (sykepleie),gjovik,2026-04-09,,0,https://www.jobbnorge.no/ledige-stillinger/stilling/297922/50-sykepleier-intensiv-50-universitetslektor-i-helsevitenskap-sykepleie
2026-03-25 10:43:51,2026-03-25 12:27:55,NTNU,PhD Candidate in Edge AI Accelerator Design,trondheim,2026-04-09,,0,https://www.jobbnorge.no/ledige-stillinger/stilling/297610/phd-candidate-in-edge-ai-accelerator-design
2026-03-25 10:43:51,2026-03-25 12:27:55,NTNU,PhD Candidate in Rock Engineering for New Hydropower Plants - IV-52/26,trondheim,2026-04-09,,0,https://www.jobbnorge.no/ledige-stillinger/stilling/297120/phd-candidate-in-rock-engineering-for-new-hydropower-plants-iv-52-26
2026-03-25 10:43:51,2026-03-25 12:27:55,NTNU,PhD Candidate in bioinspired randomly featured materials,trondheim,2026-04-09,,0,https://www.jobbnorge.no/ledige-stillinger/stilling/296713/phd-candidate-in-bioinspired-randomly-featured-materials
2026-03-25 10:43:51,2026-03-25 12:27:55,NTNU,PhD Candidate in quantum chemistry,trondheim,2026-04-09,,0,https://www.jobbnorge.no/ledige-stillinger/stilling/297659/phd-candidate-in-quantum-chemistry
2026-03-25 10:43:51,2026-03-25 12:27:55,NTNU,PhD Candidate in AI-enabled Hybrid Manufacturing and Remanufacturing Systems,trondheim,2026-04-10,,0,https://www.jobbnorge.no/ledige-stillinger/stilling/297466/phd-candidate-in-ai-enabled-hybrid-manufacturing-and-remanufacturing-systems
2026-03-25 10:43:51,2026-03-25 12:27:55,NTNU,PhD Candidate in parasite and plankton behavioural biology and ecology,trondheim,2026-04-12,,0,https://www.jobbnorge.no/ledige-stillinger/stilling/296771/phd-candidate-in-parasite-and-plankton-behavioural-biology-and-ecology
2026-03-25 10:43:51,2026-03-25 12:27:55,NTNU,"Prosjektøkonomen skal løfte teamet, og følge opp mange spennende prosjekter og senter",trondheim,2026-04-12,,0,https://www.jobbnorge.no/ledige-stillinger/stilling/296526/prosjektoekonomen-skal-loefte-teamet-og-foelge-opp-mange-spennende-prosjekter-og-senter
2026-03-25 10:43:51,2026-03-25 12:27:55,NTNU,To prosessledere/-rådgivere - IT,trondheim,2026-04-12,,0,https://www.jobbnorge.no/ledige-stillinger/stilling/298340/to-prosessledere-raadgivere-it
2026-03-25 10:43:51,2026-03-25 12:27:55,NTNU,Ph.D. Candidate in Reinforcement Learning for Project Scheduling Problems,gjovik,2026-04-13,,0,https://www.jobbnorge.no/ledige-stillinger/stilling/290261/phd-candidate-in-reinforcement-learning-for-project-scheduling-problems
2026-03-25 10:43:51,2026-03-25 12:27:55,NTNU,Stipendiat innen innovsjon og ideutvikling i forskningsgrupper,trondheim,2026-04-13,,0,https://www.jobbnorge.no/ledige-stillinger/stilling/298408/stipendiat-innen-innovsjon-og-ideutvikling-i-forskningsgrupper
2026-03-25 10:43:51,2026-03-25 12:27:55,NTNU,PhD Candidate in RF/antenna design for GNSS reflectometry from small satellites,trondheim,2026-04-14,,0,https://www.jobbnorge.no/ledige-stillinger/stilling/296681/phd-candidate-in-rf-antenna-design-for-gnss-reflectometry-from-small-satellites
2026-03-25 10:43:51,2026-03-25 12:27:55,NTNU,PhD Candidate in Semantic web for autonomous and adaptable urban services,trondheim,2026-04-14,,0,https://www.jobbnorge.no/ledige-stillinger/stilling/297418/phd-candidate-in-semantic-web-for-autonomous-and-adaptable-urban-services
2026-03-25 10:43:51,2026-03-25 12:27:55,NTNU,PhD Candidate in Spectral Imaging,gjovik,2026-04-14,,0,https://www.jobbnorge.no/ledige-stillinger/stilling/298131/phd-candidate-in-spectral-imaging
2026-03-25 10:43:51,2026-03-25 12:27:55,NTNU,PhD Candidate in maritime surveillance with GNSS reflectometry and on-board processing,trondheim,2026-04-14,,0,https://www.jobbnorge.no/ledige-stillinger/stilling/297296/phd-candidate-in-maritime-surveillance-with-gnss-reflectometry-and-on-board-processing
2026-03-25 10:43:51,2026-03-25 12:27:55,NTNU,Stipendiat i Nyre-medisin,trondheim,2026-04-14,,0,https://www.jobbnorge.no/ledige-stillinger/stilling/295765/stipendiat-i-nyre-medisin
2026-03-25 10:43:51,2026-03-25 12:27:55,NTNU,Økonom (controller og prosjektøkonom),trondheim,2026-04-14,,0,https://www.jobbnorge.no/ledige-stillinger/stilling/297928/oekonom-controller-og-prosjektoekonom
2026-03-25 10:43:51,2026-03-25 12:27:55,NTNU,PhD Candidate in seaweed hydrodynamics,trondheim,2026-04-16,,0,https://www.jobbnorge.no/ledige-stillinger/stilling/298087/phd-candidate-in-seaweed-hydrodynamics
2026-03-25 10:43:51,2026-03-25 12:27:55,NTNU,Postdoctoral Fellow in seaweed hydrodynamics,trondheim,2026-04-16,,0,https://www.jobbnorge.no/ledige-stillinger/stilling/298095/postdoctoral-fellow-in-seaweed-hydrodynamics
2026-03-25 10:43:51,2026-03-25 12:27:55,NTNU,PhD Candidate in Structural Monitoring and Digital Twins of Wind Turbines,trondheim,2026-04-18,,0,https://www.jobbnorge.no/ledige-stillinger/stilling/297886/phd-candidate-in-structural-monitoring-and-digital-twins-of-wind-turbines
2026-03-25 10:43:51,2026-03-25 12:27:55,NTNU,Renholdere,trondheim,2026-04-18,,0,https://www.jobbnorge.no/ledige-stillinger/stilling/297710/renholdere
2026-03-25 10:43:51,2026-03-25 12:27:55,NTNU,Researcher in Biometric Security and Anti-Fraud Technologies,gjovik,2026-04-19,,0,https://www.jobbnorge.no/ledige-stillinger/stilling/297348/researcher-in-biometric-security-and-anti-fraud-technologies
2026-03-25 10:43:51,2026-03-25 12:27:55,NTNU,Circular Supply Chain Management - Design and Planning for Upcycling of Food Waste,trondheim,2026-04-20,,0,https://www.jobbnorge.no/ledige-stillinger/stilling/298425/circular-supply-chain-management-design-and-planning-for-upcycling-of-food-waste
2026-03-25 10:43:51,2026-03-25 12:27:55,NTNU,PhD Candidate in AI-Enhanced Planning in Shipbuilding Supply Chains,trondheim,2026-04-20,,0,https://www.jobbnorge.no/ledige-stillinger/stilling/297344/phd-candidate-in-ai-enhanced-planning-in-shipbuilding-supply-chains
2026-03-25 10:43:51,2026-03-25 12:27:55,NTNU,Førsteamanuensis eller universitetslektor innen automatisering og intelligente systemer,alesund,2026-04-21,,0,https://www.jobbnorge.no/ledige-stillinger/stilling/297891/foersteamanuensis-eller-universitetslektor-innen-automatisering-og-intelligente-systemer
2026-03-25 10:43:51,2026-03-25 12:27:55,NTNU,Stipendiat ved Institutt for industriell økonomi og teknologiledelse,trondheim,2026-04-22,,0,https://www.jobbnorge.no/ledige-stillinger/stilling/297819/stipendiat-ved-institutt-for-industriell-oekonomi-og-teknologiledelse
2026-03-25 10:43:51,2026-03-25 12:27:55,NTNU,PhD Candidate in Distributed Machine Learning,trondheim,2026-04-23,,0,https://www.jobbnorge.no/ledige-stillinger/stilling/297289/phd-candidate-in-distributed-machine-learning
2026-03-25 10:43:51,2026-03-25 12:27:55,NTNU,PhD Candidate in Mathematical Foundations of Machine Learning for Sequential Data,trondheim,2026-04-23,,0,https://www.jobbnorge.no/ledige-stillinger/stilling/297312/phd-candidate-in-mathematical-foundations-of-machine-learning-for-sequential-data
2026-03-25 10:43:51,2026-03-25 12:27:55,NTNU,Postdoctoral Researcher in Prostate Cancer Diagnostics and Personalized Medicine,trondheim,2026-04-23,,0,https://www.jobbnorge.no/ledige-stillinger/stilling/298415/postdoctoral-researcher-in-prostate-cancer-diagnostics-and-personalized-medicine
2026-03-25 10:43:51,2026-03-25 12:27:55,NTNU,PhD Candidate in Human-Centered Interactive AI Agents for Maritime Simulator Training,alesund,2026-04-24,,0,https://www.jobbnorge.no/ledige-stillinger/stilling/297161/phd-candidate-in-human-centered-interactive-ai-agents-for-maritime-simulator-training
2026-03-25 10:43:51,2026-03-25 12:27:55,NTNU,Jurist,trondheim,2026-04-25,,0,https://www.jobbnorge.no/ledige-stillinger/stilling/298151/jurist
2026-03-25 10:43:51,2026-03-25 12:27:55,NTNU,PhD Candidate in AI-native Orchestration and Resilience Assurance for 5G/6G Networks,trondheim,2026-04-25,,0,https://www.jobbnorge.no/ledige-stillinger/stilling/297933/phd-candidate-in-ai-native-orchestration-and-resilience-assurance-for-5g-6g-networks
2026-03-25 10:43:51,2026-03-25 12:27:55,NTNU,PhD Candidate in Information Structures for Integrated and AI‑Supported Maritime Design,alesund,2026-04-25,,0,https://www.jobbnorge.no/ledige-stillinger/stilling/296413/phd-candidate-in-information-structures-for-integrated-and-aisupported-maritime-design
2026-03-25 10:43:51,2026-03-25 12:27:55,NTNU,PhD position - SFI Celect System Engineering,gjovik,2026-04-25,,0,https://www.jobbnorge.no/ledige-stillinger/stilling/298366/phd-position-sfi-celect-system-engineering
2026-03-25 10:43:51,2026-03-25 12:27:55,NTNU,Researcher on bioaccumulation and effects of PFAS in seabirds,trondheim,2026-04-25,,0,https://www.jobbnorge.no/ledige-stillinger/stilling/296947/researcher-on-bioaccumulation-and-effects-of-pfas-in-seabirds
2026-03-25 10:43:51,2026-03-25 12:27:55,NTNU,HR-konsulent,trondheim,2026-04-26,,0,https://www.jobbnorge.no/ledige-stillinger/stilling/297843/hr-konsulent
2026-03-25 10:43:51,2026-03-25 12:27:55,NTNU,PhD Candidate in “Development of Probabilistic Reliability Criteria in Distribution Grids”,trondheim,2026-04-26,,0,https://www.jobbnorge.no/ledige-stillinger/stilling/298419/phd-candidate-in-development-of-probabilistic-reliability-criteria-in-distribution-grids
2026-03-25 10:43:51,2026-03-25 12:27:55,NTNU,Two PhD positions in “Micromechanics-based modelling of ductile failure in high-strength aluminium,trondheim,2026-04-26,,0,https://www.jobbnorge.no/ledige-stillinger/stilling/296677/two-phd-positions-in-micromechanics-based-modelling-of-ductile-failure-in-high-strength-aluminium
2026-03-25 10:43:51,2026-03-25 12:27:55,NTNU,Førsteamanuensis i idrettvitenskap (samfunnsvitenskapelig profil),trondheim,2026-04-28,,0,https://www.jobbnorge.no/ledige-stillinger/stilling/294837/foersteamanuensis-i-idrettvitenskap-samfunnsvitenskapelig-profil
2026-03-25 10:43:51,2026-03-25 12:27:55,NTNU,Førsteamanuensis i statsvitenskap,trondheim,2026-04-28,,0,https://www.jobbnorge.no/ledige-stillinger/stilling/294884/foersteamanuensis-i-statsvitenskap
2026-03-25 10:43:51,2026-03-25 12:27:55,NTNU,PhD research fellow in Modern Economic History,trondheim,2026-04-29,,0,https://www.jobbnorge.no/ledige-stillinger/stilling/296312/phd-research-fellow-in-modern-economic-history
2026-03-25 10:43:51,2026-03-25 12:27:55,NTNU,Postdoctoral Fellow in Modern Economic History,trondheim,2026-04-29,,0,https://www.jobbnorge.no/ledige-stillinger/stilling/296315/postdoctoral-fellow-in-modern-economic-history
2026-03-25 10:43:51,2026-03-25 12:27:55,NTNU,Stipendiat i sikre kommunikasjonstjenester i nordområdene,trondheim,2026-04-29,,0,https://www.jobbnorge.no/ledige-stillinger/stilling/296668/stipendiat-i-sikre-kommunikasjonstjenester-i-nordomraadene
2026-03-25 10:43:51,2026-03-25 12:27:55,NTNU,Vikariat - Universitetslektor/Førsteamanuensis i Datateknologi,alesund,2026-04-29,,0,https://www.jobbnorge.no/ledige-stillinger/stilling/297967/vikariat-universitetslektor-foersteamanuensis-i-datateknologi
2026-03-25 10:43:51,2026-03-25 12:27:55,NTNU,Midlertidig stilling som universitetslektor II i medisin (klinisk farmakologi),trondheim,2026-04-30,,0,https://www.jobbnorge.no/ledige-stillinger/stilling/297670/midlertidig-stilling-som-universitetslektor-ii-i-medisin-klinisk-farmakologi
2026-03-25 10:43:51,2026-03-25 12:27:55,NTNU,Assistant Professor (universitetslektor) in Contemporary Art,trondheim,2026-05-02,,0,https://www.jobbnorge.no/ledige-stillinger/stilling/297797/assistant-professor-universitetslektor-in-contemporary-art
2026-03-25 10:43:51,2026-03-25 12:27:55,NTNU,Førsteamanuensis i miljøhistorie (perioden fra ca. 1800 og fremover).,trondheim,2026-05-02,,0,https://www.jobbnorge.no/ledige-stillinger/stilling/297742/foersteamanuensis-i-miljoehistorie-perioden-fra-ca-1800-og-fremover
2026-03-25 10:43:51,2026-03-25 12:27:55,NTNU,PhD Candidate at Department of Geosciences - IV-20/26,trondheim,2026-05-03,,0,https://www.jobbnorge.no/ledige-stillinger/stilling/298111/phd-candidate-at-department-of-geosciences-iv-20-26
2026-03-25 10:43:51,2026-03-25 12:27:55,NTNU,PhD Candidate in Scalable and Resilient Quantum Internet Architecture and Operations,trondheim,2026-05-14,,0,https://www.jobbnorge.no/ledige-stillinger/stilling/297855/phd-candidate-in-scalable-and-resilient-quantum-internet-architecture-and-operations
